name,nickname,wins_x,losses_x,draws_x,height_x,weight,reach_x,stance,dOB,sig_strikes_landed_per_min,sig_striking_accuracy_%,sig_strike_absorbed_per_min,sig_strike_defense(%_of_sig_strikes_not_landed_by_opponent),takedown_average(average_takedown_landed_per_fifteen_min),takedown_accuracy_%,takedown_defense(%_of_opponent_takedown_not_landed),sub_average(average_subs_attempted_per_15_mins),wins_y,losses_y,draws_y,height_y,reach_y,age_x,nation_x,sig_str_accuracy_x,sig_str_totals_x,takedown_accuracy_x,takedown_totals_x,sig_str_per_minute_x,takedown_avg_per_fifteen_x,sig_str_defense_x,knockdown_avg_x,sig_str_absorbed_per_min_x,submission_avg_per_fifteen_x,takedown_defense_x,avg_fight_time_x,_merge,wins,losses,draws,height,reach,age_y,nation_y,sig_str_accuracy_y,sig_str_totals_y,takedown_accuracy_y,takedown_totals_y,sig_str_per_minute_y,takedown_avg_per_fifteen_y,sig_str_defense_y,knockdown_avg_y,sig_str_absorbed_per_min_y,submission_avg_per_fifteen_y,takedown_defense_y,avg_fight_time_y
Aaron Lott,~,,,,,,,,,,,,,,,,,,,,,,,,,,42%,,,,,,,,,,right_only,,,,,,,,,,42%,,,,,,,,,
Acacio dos Santos,~,,,,,,,,,,,,,,,,,0.0,1.0,0.0,76.0,79.0,31.0,"State of Minas Gerais, Brazil",41%,19 of 46,,,1.27,0.0,43%,0.0,1.4,0.0,31%,15:00,right_only,0.0,1.0,0.0,76.0,79.0,31.0,"State of Minas Gerais, Brazil",41%,19 of 46,,,1.27,0.0,43%,0.0,1.4,0.0,31%,15:00
Alberta Cerra,~,,,,,,,,,,,,,,,,,,,,,,,United States,,,15%,,,,,,,,,,right_only,,,,,,,United States,,,15%,,,,,,,,,
Alberto Cerro Leon,~,,,,,,,,,,,,,,,,,0.0,0.0,0.0,75.0,,,United States,,,33%,59 of 210,,,,,,,,,right_only,0.0,0.0,0.0,75.0,,,United States,,,33%,59 of 210,,,,,,,,
Alberto Pereira,Uda,,,,,,,,,,,,,,,,,9.0,2.0,0.0,75.0,77.0,38.0,"State of Santa Catarina, Brazil",53%,19 of 36,50%,2 of 4,1.79,2.83,46%,0.0,3.49,0.0,67%,5:18,right_only,9.0,2.0,0.0,75.0,77.0,38.0,"State of Santa Catarina, Brazil",53%,19 of 36,50%,2 of 4,1.79,2.83,46%,0.0,3.49,0.0,67%,5:18
Alessandro Ricci,~,,,,,,,,,,,,,,,,,10.0,5.0,0.0,71.0,69.0,40.0,"Toronto, Canada",41%,49 of 119,0%,,2.48,0.0,65%,0.0,2.53,0.0,64%,9:52,right_only,10.0,5.0,0.0,71.0,69.0,40.0,"Toronto, Canada",41%,49 of 119,0%,,2.48,0.0,65%,0.0,2.53,0.0,64%,9:52
Alex Steibling,~,,,,,,,,,,,,,,,,,0.0,0.0,0.0,0.0,,46.0,United States,45%,5 of 11,,,0.4,0.0,50%,0.0,7.55,1.19,60%,9:12,right_only,0.0,0.0,0.0,0.0,,46.0,United States,45%,5 of 11,,,0.4,0.0,50%,0.0,7.55,1.19,60%,9:12
Alex da Silva,Leko,,,,,,,,,,,,,,,,,21.0,4.0,0.0,68.0,73.0,27.0,Brazil,46%,114 of 246,44%,4 of 16,2.14,1.97,57%,0.28,2.52,0.28,77%,13:18,right_only,21.0,4.0,0.0,68.0,73.0,27.0,Brazil,46%,114 of 246,44%,4 of 16,2.14,1.97,57%,0.28,2.52,0.28,77%,13:18
Alexandra Albu,Stitch,,,,,,,,,,,,,,,,,7.0,2.0,0.0,62.0,63.0,32.0,"Vulcanesti, Moldova",47%,191 of 405,50%,5 of 12,4.83,2.27,39%,0.0,5.56,0.38,78%,9:54,right_only,7.0,2.0,0.0,62.0,63.0,32.0,"Vulcanesti, Moldova",47%,191 of 405,50%,5 of 12,4.83,2.27,39%,0.0,5.56,0.38,78%,9:54
Alton Meeks,Murda,,,,,,,,,,,,,,,,,3.0,0.0,0.0,75.0,,29.0,"Gainesville, United States",43%,3 of 7,25%,,0.71,7.06,39%,0.0,4.47,0.0,,4:15,right_only,3.0,0.0,0.0,75.0,,29.0,"Gainesville, United States",43%,3 of 7,25%,,0.71,7.06,39%,0.0,4.47,0.0,,4:15
Alvaro Herrera,Chango,,,,,,,,,,,,,,,,,9.0,6.0,0.0,73.0,74.0,33.0,"Guadalajara, Mexico",38%,25 of 65,,,1.89,0.0,55%,1.13,3.4,1.13,33%,3:19,right_only,9.0,6.0,0.0,73.0,74.0,33.0,"Guadalajara, Mexico",38%,25 of 65,,,1.89,0.0,55%,1.13,3.4,1.13,33%,3:19
Alvaro Ivan Lopez Rodrigues,~,,,,,,,,,,,,,,,,,,,,,,,Mexico,,,22%,,,,,,,,,,right_only,,,,,,,Mexico,,,22%,,,,,,,,,
Anderson dos Santos,Berinja,,,,,,,,,,,,,,,,,21.0,9.0,0.0,65.0,70.0,37.0,"State of São Paulo, Brazil",26%,124 of 486,14%,2 of 21,2.7,0.98,50%,0.0,5.37,0.65,67%,11:28,right_only,21.0,9.0,0.0,65.0,70.0,37.0,"State of São Paulo, Brazil",26%,124 of 486,14%,2 of 21,2.7,0.98,50%,0.0,5.37,0.65,67%,11:28
Anthony Fryklund,The Freak,,,,,,,,,,,,,,,,,11.0,4.0,0.0,72.0,,52.0,"Boston, United States",59%,64 of 108,0%,,6.3,0.0,44%,1.48,19.97,1.48,67%,5:05,right_only,11.0,4.0,0.0,72.0,,52.0,"Boston, United States",59%,64 of 108,0%,,6.3,0.0,44%,1.48,19.97,1.48,67%,5:05
Antonio dos Santos,Junior Alpha,,,,,,,,,,,,,,,,,6.0,3.0,0.0,70.0,72.0,34.0,"Salvador, Brazil",51%,48 of 94,0%,,5.4,0.0,44%,1.69,3.94,0.0,100%,4:27,right_only,6.0,3.0,0.0,70.0,72.0,34.0,"Salvador, Brazil",51%,48 of 94,0%,,5.4,0.0,44%,1.69,3.94,0.0,100%,4:27
Arjan Singh Bhullar,~,,,,,,,,,,,,,,,,,9.0,1.0,0.0,73.0,75.5,37.0,"Vancouver, Canada",57%,121 of 214,75%,3 of 8,2.33,1.73,59%,0.29,3.25,0.0,100%,13:00,right_only,9.0,1.0,0.0,73.0,75.5,37.0,"Vancouver, Canada",57%,121 of 214,75%,3 of 8,2.33,1.73,59%,0.29,3.25,0.0,100%,13:00
Asikeerbai Jinensibieke,~,,,,,,,,,,,,,,,,,,,,,,34.0,"Xinjiang, China",,,29%,,,,,,,,,,right_only,,,,,,34.0,"Xinjiang, China",,,29%,,,,,,,,,
Asikerbai Jinensibieke,~,,,,,,,,,,,,,,,,,0.0,0.0,0.0,,,,,50%,1 of 2,,,2.0,0.0,,0.0,10.0,0.0,,0:30,right_only,0.0,0.0,0.0,,,,,50%,1 of 2,,,2.0,0.0,,0.0,10.0,0.0,,0:30
Austin Wall,AWALL,,,,,,,,,,,,,,,,,,,,,,,,,,0%,,,,,,,,,,right_only,,,,,,,,,,0%,,,,,,,,,
Benny Alloway,Blanco,,,,,,,,,,,,,,,,,13.0,6.0,0.0,71.0,75.0,42.0,"Ipswich, Australia",49%,31 of 63,50%,,1.28,0.62,59%,0.62,1.9,0.0,27%,8:05,right_only,13.0,6.0,0.0,71.0,75.0,42.0,"Ipswich, Australia",49%,31 of 63,50%,,1.28,0.62,59%,0.62,1.9,0.0,27%,8:05
Bilyal Makhov,~,,,,,,,,,,,,,,,,,,,,,,35.0,"USSR, Russia",,,61%,13 of 51,,,,,,,,,right_only,,,,,,35.0,"USSR, Russia",,,61%,13 of 51,,,,,,,,
Bradley Scott,Bear,,,,,,,,,,,,,,,,,12.0,6.0,0.0,73.0,76.0,33.0,"Bath, United Kingdom",42%,327 of 787,15%,2 of 13,3.52,0.32,57%,0.32,4.31,0.65,64%,11:38,right_only,12.0,6.0,0.0,73.0,76.0,33.0,"Bath, United Kingdom",42%,327 of 787,15%,2 of 13,3.52,0.32,57%,0.32,4.31,0.65,64%,11:38
Branden Bordeaux,The Butcher,,,,,,,,,,,,,,,,,,,,,,,,,,60%,1 of 25,,,,,,,,,right_only,,,,,,,,,,60%,1 of 25,,,,,,,,
Brian Ellis,~,,,,,,,,,,,,,,,,,,,,,,35.0,,,,64%,,,,,,,,,,right_only,,,,,,35.0,,,,64%,,,,,,,,,
Brian Jackson,Stone Handz,,,,,,,,,,,,,,,,,,,,,,34.0,,,,0%,,,,,,,,,,right_only,,,,,,34.0,,,,0%,,,,,,,,,
Bubba McDaniel,The Menace,,,,,,,,,,,,,,,,,21.0,8.0,0.0,75.0,75.0,40.0,"Childress, United States",44%,53 of 120,50%,,1.64,0.93,57%,0.0,1.98,1.39,50%,10:47,right_only,21.0,8.0,0.0,75.0,75.0,40.0,"Childress, United States",44%,53 of 120,50%,,1.64,0.93,57%,0.0,1.98,1.39,50%,10:47
Cam Rowston,~,,,,,,,,,,,,,,,,,0.0,0.0,0.0,,,28.0,"Sydney, Australia",,,40%,2 of 10,,,,,,,,0:00,right_only,0.0,0.0,0.0,,,28.0,"Sydney, Australia",,,40%,2 of 10,,,,,,,,0:00
Cameron Bates,Camo Wrld,,,,,,,,,,,,,,,,,,,,,,,,,,100%,,,,,,,,,,right_only,,,,,,,,,,100%,,,,,,,,,
Carlo Pedersoli,Semento,,,,,,,,,,,,,,,,,11.0,3.0,0.0,71.5,75.0,30.0,"Miami, United States",38%,86 of 228,44%,3 of 9,4.17,2.91,61%,0.0,4.12,0.0,,6:53,right_only,11.0,3.0,0.0,71.5,75.0,30.0,"Miami, United States",38%,86 of 228,44%,3 of 9,4.17,2.91,61%,0.0,4.12,0.0,,6:53
Carlos Baretto,~,,,,,,,,,,,,,,,,,0.0,0.0,0.0,0.0,,,"Rio de Janeiro, Brazil",,,38%,3 of 40,,,,,,,,,right_only,0.0,0.0,0.0,0.0,,,"Rio de Janeiro, Brazil",,,38%,3 of 40,,,,,,,,
Carrese Archer,One Punch,,,,,,,,,,,,,,,,,,,,72.0,73.0,33.0,,,,31%,,,,,,,,,,right_only,,,,72.0,73.0,33.0,,,,31%,,,,,,,,,
Casey Kenney,~,,,,,,,,,,,,,,,,,16.0,4.0,1.0,67.0,70.0,32.0,"Portland, United States",43%,670 of 1570,36%,2 of 28,4.85,1.09,58%,0.0,4.67,0.43,61%,13:48,right_only,16.0,4.0,1.0,67.0,70.0,32.0,"Portland, United States",43%,670 of 1570,36%,2 of 28,4.85,1.09,58%,0.0,4.67,0.43,61%,13:48
Casey Kenney,~,,,,,,,,,,,,,,,,,16.0,4.0,1.0,67.0,70.0,32.0,"Portland, United States",43%,670 of 1570,36%,2 of 28,4.85,1.09,58%,0.0,4.67,0.43,61%,13:48,right_only,,,,,,,,,,36%,2 of 28,,,,,,,,
Casey Kenney,~,,,,,,,,,,,,,,,,,,,,,,,,,,36%,2 of 28,,,,,,,,,right_only,16.0,4.0,1.0,67.0,70.0,32.0,"Portland, United States",43%,670 of 1570,36%,2 of 28,4.85,1.09,58%,0.0,4.67,0.43,61%,13:48
Casey Kenney,~,,,,,,,,,,,,,,,,,,,,,,,,,,36%,2 of 28,,,,,,,,,right_only,,,,,,,,,,36%,2 of 28,,,,,,,,
Chang Ho Lee,~,,,,,,,,,,,,,,,,,2.0,0.0,0.0,,,29.0,South Korea,69%,75 of 108,36%,,4.3,4.3,47%,0.0,1.03,0.0,25%,8:44,right_only,2.0,0.0,0.0,,,29.0,South Korea,69%,75 of 108,36%,,4.3,4.3,47%,0.0,1.03,0.0,25%,8:44
Chanmi Jeon,Ottogi Girl,,,,,,,,,,,,,,,,,5.0,2.0,0.0,65.0,67.0,25.0,South Korea,32%,187 of 590,,,6.23,0.0,56%,0.0,7.77,0.0,,15:00,right_only,5.0,2.0,0.0,65.0,67.0,25.0,South Korea,32%,187 of 590,,,6.23,0.0,56%,0.0,7.77,0.0,,15:00
Chris De La Rocha,~,,,,,,,,,,,,,,,,,5.0,3.0,0.0,75.0,80.0,44.0,"San Jose, United States",46%,121 of 265,31%,3 of 13,4.08,2.02,44%,0.0,6.37,1.01,33%,7:25,right_only,5.0,3.0,0.0,75.0,80.0,44.0,"San Jose, United States",46%,121 of 265,31%,3 of 13,4.08,2.02,44%,0.0,6.37,1.01,33%,7:25
Chris Ligouri,~,,,,,,,,,,,,,,,,,2.0,2.0,0.0,68.0,,,"Toms River, United States",33%,1 of 3,,,0.29,0.0,,0.0,1.44,0.0,50%,3:29,right_only,2.0,2.0,0.0,68.0,,,"Toms River, United States",33%,1 of 3,,,0.29,0.0,,0.0,1.44,0.0,50%,3:29
Christophe Leininger,~,,,,,,,,,,,,,,,,,0.0,0.0,0.0,0.0,,,United States,,,33%,,,,,,,,,,right_only,0.0,0.0,0.0,0.0,,,United States,,,33%,,,,,,,,,
Cody Belisle,Bodacious,,,,,,,,,,,,,,,,,,,,,,30.0,,48%,33 of 69,,,,,,,,,,,right_only,,,,,,30.0,,48%,33 of 69,,,,,,,,,,
Cory Corbin,Hamma,,,,,,,,,,,,,,,,,,,,,,36.0,,,,29%,,,,,,,,,,right_only,,,,,,36.0,,,,29%,,,,,,,,,
Costas Philippou,~,,,,,,,,,,,,,,,,,13.0,5.0,0.0,71.0,73.0,43.0,United States,35%,244 of 695,43%,,2.19,0.4,54%,0.67,2.73,0.27,66%,11:10,right_only,13.0,5.0,0.0,71.0,73.0,43.0,United States,35%,244 of 695,43%,,2.19,0.4,54%,0.67,2.73,0.27,66%,11:10
Cris Cyborg,~,,,,,,,,,,,,,,,,,21.0,2.0,0.0,68.0,68.0,37.0,Brazil,53%,825 of 1558,56%,3 of 9,7.28,0.66,65%,1.32,2.25,0.4,94%,8:05,right_only,21.0,2.0,0.0,68.0,68.0,37.0,Brazil,53%,825 of 1558,56%,3 of 9,7.28,0.66,65%,1.32,2.25,0.4,94%,8:05
Dakota Weigher,Iron Slap,,,,,,,,,,,,,,,,,,,,,,33.0,,,,43%,36 of 99,,,,,,,,,right_only,,,,,,33.0,,,,43%,36 of 99,,,,,,,,
Dallas Marron,El Tigre,,,,,,,,,,,,,,,,,,,,,,,,,,37%,,,,,,,,,,right_only,,,,,,,,,,37%,,,,,,,,,
Dan Downes,Danny Boy,,,,,,,,,,,,,,,,,8.0,3.0,0.0,72.0,,37.0,United States,34%,93 of 273,,,1.66,0.0,37%,0.0,3.53,0.53,37%,14:02,right_only,8.0,3.0,0.0,72.0,,37.0,United States,34%,93 of 273,,,1.66,0.0,37%,0.0,3.53,0.53,37%,14:02
Daniel Bobish,~,,,,,,,,,,,,,,,,,0.0,0.0,0.0,0.0,,53.0,"Cleveland, United States",0%,0 of 1,,,,,,,,,,,right_only,0.0,0.0,0.0,0.0,,53.0,"Cleveland, United States",0%,0 of 1,,,,,,,,,,
Dave Kaplan,Diamond,,,,,,,,,,,,,,,,,3.0,3.0,0.0,66.0,,43.0,"Las Vegas, United States",46%,62 of 134,44%,,2.88,4.88,68%,0.0,4.32,0.7,,10:46,right_only,3.0,3.0,0.0,66.0,,43.0,"Las Vegas, United States",46%,62 of 134,44%,,2.88,4.88,68%,0.0,4.32,0.7,,10:46
Davi Costa,~,,,,,,,,,,,,,,,,,,,,,,,,,,0%,,,,,,,,,,right_only,,,,,,,,,,0%,,,,,,,,,
Dayana da Silva Santos,~,,,,,,,,,,,,,,,,,0.0,0.0,0.0,,,32.0,,51%,95 of 186,,,6.33,0.0,58%,0.0,5.93,0.0,43%,15:00,right_only,0.0,0.0,0.0,,,32.0,,51%,95 of 186,,,6.33,0.0,58%,0.0,5.93,0.0,43%,15:00
Dinis Paiva,~,,,,,,,,,,,,,,,,,13.0,8.0,0.0,,,35.0,"Providence, United States",41%,39 of 94,,,2.6,0.0,67%,1.0,2.73,0.0,82%,15:00,right_only,13.0,8.0,0.0,,,35.0,"Providence, United States",41%,39 of 94,,,2.6,0.0,67%,1.0,2.73,0.0,82%,15:00
Dmitrei Stepanov,~,,,,,,,,,,,,,,,,,0.0,0.0,0.0,0.0,,,United States,,,50%,,,,,,,,,,right_only,0.0,0.0,0.0,0.0,,,United States,,,50%,,,,,,,,,
Donavan Beard,~,,,,,,,,,,,,,,,,,0.0,1.0,0.0,,,33.0,"Hot Springs, United States",0%,0 of 1,,,0.0,0.0,29%,0.0,5.77,0.0,,0:52,right_only,0.0,1.0,0.0,,,33.0,"Hot Springs, United States",0%,0 of 1,,,0.0,0.0,29%,0.0,5.77,0.0,,0:52
Duane Cason,~,,,,,,,,,,,,,,,,,0.0,0.0,0.0,0.0,,,"Fayetteville, United States",,,22%,,,,,,,,,,right_only,0.0,0.0,0.0,0.0,,,"Fayetteville, United States",,,22%,,,,,,,,,
Duko Todorovic,Thunder,,,,,,,,,,,,,,,,,12.0,4.0,0.0,73.0,74.0,29.0,Serbia,58%,346 of 599,13%,2 of 32,5.54,0.96,47%,0.0,4.55,0.0,45%,7:49,right_only,12.0,4.0,0.0,73.0,74.0,29.0,Serbia,58%,346 of 599,13%,2 of 32,5.54,0.96,47%,0.0,4.55,0.0,45%,7:49
Ebenezer Braga,~,,,,,,,,,,,,,,,,,0.0,0.0,0.0,0.0,,54.0,"Rio de Janeiro, Brazil",,,58%,2 of 33,,,,,,,,,right_only,0.0,0.0,0.0,0.0,,54.0,"Rio de Janeiro, Brazil",,,58%,2 of 33,,,,,,,,
Edilberto Crocota,~,,,,,,,,,,,,,,,,,10.0,1.0,1.0,72.0,,40.0,"Campo Formosa, Brazil",32%,51 of 158,0%,,4.12,0.0,61%,0.0,6.79,0.0,,6:11,right_only,10.0,1.0,1.0,72.0,,40.0,"Campo Formosa, Brazil",32%,51 of 158,0%,,4.12,0.0,61%,0.0,6.79,0.0,,6:11
Eduardo Matias Torres,~,,,,,,,,,,,,,,,,,0.0,1.0,0.0,,,,Chile,35%,8 of 23,33%,,1.1,2.06,65%,0.0,1.24,0.0,50%,7:16,right_only,0.0,1.0,0.0,,,,Chile,35%,8 of 23,33%,,1.1,2.06,65%,0.0,1.24,0.0,50%,7:16
Edwin Dewees,Babyface,,,,,,,,,,,,,,,,,34.0,10.0,0.0,73.0,,40.0,"Florence, United States",39%,15 of 38,100%,,1.56,3.11,39%,0.0,8.82,4.67,,3:13,right_only,34.0,10.0,0.0,73.0,,40.0,"Florence, United States",39%,15 of 38,100%,,1.56,3.11,39%,0.0,8.82,4.67,,3:13
Emily Peters Kagan,~,,,,,,,,,,,,,,,,,3.0,3.0,0.0,63.0,66.0,41.0,"Bangor, United States",37%,63 of 171,14%,,2.6,1.86,38%,0.0,5.29,0.0,50%,12:07,right_only,3.0,3.0,0.0,63.0,66.0,41.0,"Bangor, United States",37%,63 of 171,14%,,2.6,1.86,38%,0.0,5.29,0.0,50%,12:07
Emmanuel Yarbrough,~,,,,,,,,,,,,,,,,,0.0,0.0,0.0,0.0,,62.0,United States,,,0%,,,,,,,,,,right_only,0.0,0.0,0.0,0.0,,62.0,United States,,,0%,,,,,,,,,
Evan Sweesy,Showtime Swees,,,,,,,,,,,,,,,,,,,,,,,,,,52%,11 of 50,,,,,,,,,right_only,,,,,,,,,,52%,11 of 50,,,,,,,,
Fabio Agu,~,,,,,,,,,,,,,,,,,0.0,0.0,0.0,,,35.0,,,,67%,2 of 3,,,,,,,,0:00,right_only,0.0,0.0,0.0,,,35.0,,,,67%,2 of 3,,,,,,,,0:00
Frank Holland,The Tank,,,,,,,,,,,,,,,,,,,,69.0,70.0,34.0,,,,63%,5 of 8,,,,,,,,,right_only,,,,69.0,70.0,34.0,,,,63%,5 of 8,,,,,,,,
Freddy Emiliano Linares,~,,,,,,,,,,,,,,,,,0.0,1.0,0.0,,,26.0,"Guayas, Ecuador",29%,17 of 59,0%,,1.17,0.0,27%,0.0,3.59,0.0,33%,14:30,right_only,0.0,1.0,0.0,,,26.0,"Guayas, Ecuador",29%,17 of 59,0%,,1.17,0.0,27%,0.0,3.59,0.0,33%,14:30
Garrett Grimes,~,,,,,,,,,,,,,,,,,,,,,,29.0,,65%,13 of 20,,,,,,,,,,,right_only,,,,,,29.0,,65%,13 of 20,,,,,,,,,,
Geraldo de Freitas Jr,Spartan,,,,,,,,,,,,,,,,,12.0,6.0,0.0,67.5,72.5,31.0,"Conselheiro Lafaiete, Brazil",52%,165 of 316,45%,6 of 20,3.67,3.0,50%,0.0,2.62,0.0,59%,15:00,right_only,12.0,6.0,0.0,67.5,72.5,31.0,"Conselheiro Lafaiete, Brazil",52%,165 of 316,45%,6 of 20,3.67,3.0,50%,0.0,2.62,0.0,59%,15:00
Geza Kahlman Jr,~,,,,,,,,,,,,,,,,,0.0,0.0,0.0,0.0,,,United States,,,55%,16 of 29,,,,,,,,,right_only,0.0,0.0,0.0,0.0,,,United States,,,55%,16 of 29,,,,,,,,
Glaico Franca,Nego,,,,,,,,,,,,,,,,,14.0,5.0,0.0,72.0,77.0,32.0,"Curitibanos, Brazil",43%,105 of 247,42%,,2.35,2.68,47%,0.0,3.46,0.34,77%,14:55,right_only,14.0,5.0,0.0,72.0,77.0,32.0,"Curitibanos, Brazil",43%,105 of 247,42%,,2.35,2.68,47%,0.0,3.46,0.34,77%,14:55
Harrison Garcia,Hitman,,,,,,,,,,,,,,,,,,,,,,,,,,57%,,,,,,,,,,right_only,,,,,,,,,,57%,,,,,,,,,
Heather Jo Clark,Hurricane,,,,,,,,,,,,,,,,,7.0,6.0,0.0,66.0,64.0,42.0,"Los Angeles, United States",49%,166 of 338,4%,1 of 24,3.69,0.33,51%,0.0,5.62,0.33,80%,15:00,right_only,7.0,6.0,0.0,66.0,64.0,42.0,"Los Angeles, United States",49%,166 of 338,4%,1 of 24,3.69,0.33,51%,0.0,5.62,0.33,80%,15:00
Humberto Brown,El Gato Negro,,,,,,,,,,,,,,,,,4.0,5.0,0.0,70.0,71.0,38.0,Panama,50%,18 of 36,25%,,1.71,1.43,62%,0.0,2.19,0.0,,10:30,right_only,4.0,5.0,0.0,70.0,71.0,38.0,Panama,50%,18 of 36,25%,,1.71,1.43,62%,0.0,2.19,0.0,,10:30
Ian Machado Garry,The Future,,,,,,,,,,,,,,,,,13.0,0.0,0.0,75.0,74.5,26.0,"Dublin, Ireland",57%,449 of 792,75%,,6.67,0.67,54%,0.89,3.58,0.0,69%,11:13,right_only,13.0,0.0,0.0,75.0,74.5,26.0,"Dublin, Ireland",57%,449 of 792,75%,,6.67,0.67,54%,0.89,3.58,0.0,69%,11:13
Igor da Silva,~,,,,,,,,,,,,,,,,,1.0,0.0,0.0,,,20.0,"Gov. Nunes Freire, Brazil",56%,75 of 134,100%,,9.85,9.85,47%,3.94,4.86,0.0,,7:37,right_only,1.0,0.0,0.0,,,20.0,"Gov. Nunes Freire, Brazil",56%,75 of 134,100%,,9.85,9.85,47%,3.94,4.86,0.0,,7:37
Isabela De Padua,Belinha,,,,,,,,,,,,,,,,,0.0,1.0,0.0,63.0,64.0,31.0,"Mogi Guaçu, Brazil",36%,15 of 42,67%,2 of 3,1.0,2.0,51%,0.0,2.07,1.0,,15:00,right_only,0.0,1.0,0.0,63.0,64.0,31.0,"Mogi Guaçu, Brazil",36%,15 of 42,67%,2 of 3,1.0,2.0,51%,0.0,2.07,1.0,,15:00
Jesse Mariotti,Slap Papi,,,,,,,,,,,,,,,,,,,,,,26.0,,,,38%,,,,,,,,,,right_only,,,,,,26.0,,,,38%,,,,,,,,,
Jimmy Wallhead,Judo,,,,,,,,,,,,,,,,,29.0,11.0,0.0,70.0,73.0,39.0,"Leicester, United Kingdom",27%,79 of 295,0%,,3.19,0.0,50%,0.6,6.65,0.0,100%,12:24,right_only,29.0,11.0,0.0,70.0,73.0,39.0,"Leicester, United Kingdom",27%,79 of 295,0%,,3.19,0.0,50%,0.6,6.65,0.0,100%,12:24
Joe Gigliotti,Capo,,,,,,,,,,,,,,,,,7.0,2.0,0.0,71.0,69.0,29.0,"Cleveland, United States",39%,20 of 51,100%,,1.04,1.56,46%,0.0,2.92,0.78,50%,9:36,right_only,7.0,2.0,0.0,71.0,69.0,29.0,"Cleveland, United States",39%,20 of 51,100%,,1.04,1.56,46%,0.0,2.92,0.78,50%,9:36
Joey Gomez,~,,,,,,,,,,,,,,,,,7.0,0.0,0.0,,,33.0,"Reno, United States",50%,56 of 113,29%,,3.73,2.0,51%,0.0,3.33,0.0,,15:00,right_only,7.0,0.0,0.0,,,33.0,"Reno, United States",50%,56 of 113,29%,,3.73,2.0,51%,0.0,3.33,0.0,,15:00
JohnOlav Einemo,The Viking,,,,,,,,,,,,,,,,,6.0,3.0,0.0,78.0,,,"Oslo, Norway",53%,93 of 177,56%,,2.15,1.73,52%,0.0,3.05,0.0,44%,14:26,right_only,6.0,3.0,0.0,78.0,,,"Oslo, Norway",53%,93 of 177,56%,,2.15,1.73,52%,0.0,3.05,0.0,44%,14:26
Jon Koppenhaver,~,,,,,,,,,,,,,,,,,6.0,2.0,0.0,71.0,,41.0,"Simi Valley, United States",60%,30 of 50,50%,,2.32,1.16,44%,0.0,3.17,0.0,40%,6:29,right_only,6.0,2.0,0.0,71.0,,41.0,"Simi Valley, United States",60%,30 of 50,50%,,2.32,1.16,44%,0.0,3.17,0.0,40%,6:29
Jonathan Correa,Puerto Rican Rambo,,,,,,,,,,,,,,,,,,,,,,,,52%,40 of 77,,,,,,,,,,,right_only,,,,,,,,52%,40 of 77,,,,,,,,,,
Jordan Jackson,The Super Saiyan,,,,,,,,,,,,,,,,,,,,,,23.0,,,,0%,,,,,,,,,,right_only,,,,,,23.0,,,,0%,,,,,,,,,
Joseph Lowry,~,,,,,,,,,,,,,,,,,7.0,2.0,0.0,70.0,72.0,33.0,"Philadelphia, United States",35%,71 of 203,0%,,3.97,0.0,63%,0.0,4.25,0.0,,8:56,right_only,7.0,2.0,0.0,70.0,72.0,33.0,"Philadelphia, United States",35%,71 of 203,0%,,3.97,0.0,63%,0.0,4.25,0.0,,8:56
Josh Raferty,~,,,,,,,,,,,,,,,,,0.0,0.0,0.0,72.0,,42.0,"Cincinnati, United States",33%,1 of 3,0%,,0.6,0.0,50%,0.0,3.6,9.0,,1:40,right_only,0.0,0.0,0.0,72.0,,42.0,"Cincinnati, United States",33%,1 of 3,0%,,0.6,0.0,50%,0.0,3.6,9.0,,1:40
Josh Schockman,The War Hammer,,,,,,,,,,,,,,,,,7.0,0.0,0.0,76.0,,42.0,"Nashville, United States",33%,13 of 40,,,0.87,0.0,58%,0.0,0.87,0.0,23%,15:00,right_only,7.0,0.0,0.0,76.0,,42.0,"Nashville, United States",33%,13 of 40,,,0.87,0.0,58%,0.0,0.87,0.0,23%,15:00
Joshua Stansbury,The Sandman,,,,,,,,,,,,,,,,,8.0,5.0,0.0,74.0,74.0,38.0,"East Liverpool, United States",55%,101 of 185,0%,,3.22,0.0,55%,0.0,3.54,0.96,88%,10:27,right_only,8.0,5.0,0.0,74.0,74.0,38.0,"East Liverpool, United States",55%,101 of 185,0%,,3.22,0.0,55%,0.0,3.54,0.96,88%,10:27
Juan Puig,Fenix,,,,,,,,,,,,,,,,,11.0,4.0,0.0,69.0,72.0,34.0,Mexico,24%,13 of 55,,,4.91,0.0,51%,0.0,7.17,0.0,,1:20,right_only,11.0,4.0,0.0,69.0,72.0,34.0,Mexico,24%,13 of 55,,,4.91,0.0,51%,0.0,7.17,0.0,,1:20
Jung Hyun Lee,~,,,,,,,,,,,,,,,,,0.0,1.0,0.0,,,20.0,South Korea,,,50%,,,,,,,,,0:00,right_only,0.0,1.0,0.0,,,20.0,South Korea,,,50%,,,,,,,,,0:00
Junior Hernandez,Hot Handed,,,,,,,,,,,,,,,,,14.0,6.0,0.0,69.0,,36.0,United States,29%,44 of 154,,,2.72,0.0,65%,0.0,5.51,0.0,,8:05,right_only,14.0,6.0,0.0,69.0,,36.0,United States,29%,44 of 154,,,2.72,0.0,65%,0.0,5.51,0.0,,8:05
Junyong Park,The Iron Turtle,,,,,,,,,,,,,,,,,17.0,5.0,0.0,70.0,73.0,32.0,"Seoul, South Korea",51%,520 of 1021,50%,,4.53,1.83,54%,0.13,3.3,1.05,58%,11:29,right_only,17.0,5.0,0.0,70.0,73.0,32.0,"Seoul, South Korea",51%,520 of 1021,50%,,4.53,1.83,54%,0.13,3.3,1.05,58%,11:29
Katlyn Chookagian,Blonde Fighter,,,,,,,,,,,,,,,,,18.0,5.0,0.0,69.0,68.0,35.0,"Quakertown, United States",35%,1038 of 3007,15%,,4.59,0.27,63%,0.07,4.41,0.33,54%,14:07,right_only,18.0,5.0,0.0,69.0,68.0,35.0,"Quakertown, United States",35%,1038 of 3007,15%,,4.59,0.27,63%,0.07,4.41,0.33,54%,14:07
Katsuhisa Fuji,~,,,,,,,,,,,,,,,,,0.0,0.0,0.0,0.0,,50.0,Japan,,,33%,1 of 15,,,,,,,,,right_only,0.0,0.0,0.0,0.0,,50.0,Japan,,,33%,1 of 15,,,,,,,,
Keichiro Yamamiya,~,,,,,,,,,,,,,,,,,0.0,0.0,0.0,0.0,,50.0,United States,,,35%,6 of 31,,,,,,,,,right_only,0.0,0.0,0.0,0.0,,50.0,United States,,,35%,6 of 31,,,,,,,,
Keifer Roberts,Keif,,,,,,,,,,,,,,,,,,,,,,30.0,,,,44%,,,,,,,,,,right_only,,,,,,30.0,,,,44%,,,,,,,,,
Kenneth Cross,~,,,,,,,,,,,,,,,,,11.0,3.0,0.0,,,28.0,"Grand Rapids, United States",58%,33 of 57,13%,,2.2,1.0,55%,0.0,1.4,0.0,67%,15:00,right_only,11.0,3.0,0.0,,,28.0,"Grand Rapids, United States",58%,33 of 57,13%,,2.2,1.0,55%,0.0,1.4,0.0,67%,15:00
Kerry Kasik,~,,,,,,,,,,,,,,,,,,,,,,,United States,,,100%,,,,,,,,,,right_only,,,,,,,United States,,,100%,,,,,,,,,
Kevin Souza,~,,,,,,,,,,,,,,,,,19.0,4.0,0.0,72.0,74.0,38.0,United States,45%,155 of 348,,,4.65,0.0,58%,0.9,2.91,0.0,50%,8:20,right_only,19.0,4.0,0.0,72.0,74.0,38.0,United States,45%,155 of 348,,,4.65,0.0,58%,0.9,2.91,0.0,50%,8:20
Khadzhimurat Bestaev,~,,,,,,,,,,,,,,,,,0.0,1.0,0.0,,,34.0,Russia,30%,8 of 27,,,6.15,0.0,43%,0.0,10.0,0.0,,1:18,right_only,0.0,1.0,0.0,,,34.0,Russia,30%,8 of 27,,,6.15,0.0,43%,0.0,10.0,0.0,,1:18
Kimbo Slice,~,,,,,,,,,,,,,,,,,4.0,2.0,0.0,74.0,,49.0,Bahamas,50%,89 of 178,73%,,2.3,3.1,39%,1.55,3.41,1.16,36%,6:17,right_only,4.0,2.0,0.0,74.0,,49.0,Bahamas,50%,89 of 178,73%,,2.3,3.1,39%,1.55,3.41,1.16,36%,6:17
KyeongPyo Kim,~,,,,,,,,,,,,,,,,,1.0,1.0,0.0,,,31.0,,47%,105 of 224,40%,,6.77,3.87,64%,0.97,6.32,0.0,100%,7:45,right_only,1.0,1.0,0.0,,,31.0,,47%,105 of 224,40%,,6.77,3.87,64%,0.97,6.32,0.0,100%,7:45
Leonardo Augusto Leleco,~,,,,,,,,,,,,,,,,,11.0,3.0,0.0,72.0,73.0,41.0,"Salvador, Brazil",56%,70 of 125,,,2.35,0.0,45%,0.0,2.99,1.01,53%,14:53,right_only,11.0,3.0,0.0,72.0,73.0,41.0,"Salvador, Brazil",56%,70 of 125,,,2.35,0.0,45%,0.0,2.99,1.01,53%,14:53
Leonardo De Oliveira,~,,,,,,,,,,,,,,,,,0.0,0.0,0.0,,,31.0,Brazil,40%,2 of 5,50%,,1.07,24.11,50%,0.0,0.54,0.0,,1:52,right_only,0.0,0.0,0.0,,,31.0,Brazil,40%,2 of 5,50%,,1.07,24.11,50%,0.0,0.54,0.0,,1:52
Li Kaiwen,~,,,,,,,,,,,,,,,,,2.0,0.0,0.0,,,27.0,"Hunan, China",55%,74 of 135,0%,,4.57,0.0,58%,0.93,3.65,0.0,90%,8:06,right_only,2.0,0.0,0.0,,,27.0,"Hunan, China",55%,74 of 135,0%,,4.57,0.0,58%,0.93,3.65,0.0,90%,8:06
Logan Greenhalgh,Tank,,,,,,,,,,,,,,,,,,,,,,,,45%,222 of 492,,,,,,,,,,,right_only,,,,,,,,45%,222 of 492,,,,,,,,,,
Luiz Garagorri,~,,,,,,,,,,,,,,,,,13.0,2.0,0.0,69.0,70.0,34.0,"State of Rio Grande do Sul, Brazil",51%,107 of 209,100%,1 of 1,3.42,0.48,58%,0.0,2.36,0.0,62%,10:26,right_only,13.0,2.0,0.0,69.0,70.0,34.0,"State of Rio Grande do Sul, Brazil",51%,107 of 209,100%,1 of 1,3.42,0.48,58%,0.0,2.36,0.0,62%,10:26
Lukasz Sudolski,~,,,,,,,,,,,,,,,,,0.0,1.0,0.0,76.0,75.5,30.0,"Szczecin, Poland",68%,21 of 31,,,5.7,0.0,28%,0.0,4.89,0.0,100%,3:41,right_only,0.0,1.0,0.0,76.0,75.5,30.0,"Szczecin, Poland",68%,21 of 31,,,5.7,0.0,28%,0.0,4.89,0.0,100%,3:41
Magomed Bibulatov,Chaborz,,,,,,,,,,,,,,,,,14.0,2.0,0.0,65.0,65.5,34.0,"Chechnya, Russia",51%,114 of 223,40%,2 of 15,3.6,2.85,52%,0.0,1.83,0.0,75%,10:33,right_only,14.0,2.0,0.0,65.0,65.5,34.0,"Chechnya, Russia",51%,114 of 223,40%,2 of 15,3.6,2.85,52%,0.0,1.83,0.0,75%,10:33
Maiara Amajanas Dos Santos,~,,,,,,,,,,,,,,,,,0.0,0.0,0.0,,,,,41%,19 of 46,,,,,,,,,,,right_only,0.0,0.0,0.0,,,,,41%,19 of 46,,,,,,,,,,
Mandy Bhm,Monster,,,,,,,,,,,,,,,,,8.0,2.0,0.0,67.0,71.0,33.0,"Gelsenkirchen, Germany",45%,105 of 232,18%,,2.51,0.72,60%,0.0,3.24,0.72,75%,13:58,right_only,8.0,2.0,0.0,67.0,71.0,33.0,"Gelsenkirchen, Germany",45%,105 of 232,18%,,2.51,0.72,60%,0.0,3.24,0.72,75%,13:58
Manny Gamburyan,The Anvil,,,,,,,,,,,,,,,,,18.0,11.0,0.0,65.0,67.0,42.0,Armenia,42%,392 of 934,34%,,2.13,3.26,56%,0.16,2.83,0.73,69%,9:41,right_only,18.0,11.0,0.0,65.0,67.0,42.0,Armenia,42%,392 of 934,34%,,2.13,3.26,56%,0.16,2.83,0.73,69%,9:41
Marcello Aguiar,~,,,,,,,,,,,,,,,,,0.0,0.0,0.0,72.0,,,Brazil,,,67%,2 of 3,,,,,,,,,right_only,0.0,0.0,0.0,72.0,,,Brazil,,,67%,2 of 3,,,,,,,,
Marcio Alexandre,Lyoto,,,,,,,,,,,,,,,,,13.0,3.0,0.0,73.0,75.0,34.0,"Florianopolis, Brazil",45%,68 of 151,20%,1 of 5,1.61,0.35,42%,0.0,2.89,0.71,67%,10:34,right_only,13.0,3.0,0.0,73.0,75.0,34.0,"Florianopolis, Brazil",45%,68 of 151,20%,1 of 5,1.61,0.35,42%,0.0,2.89,0.71,67%,10:34
Marcos Conrado Junior,~,,,,,,,,,,,,,,,,,0.0,0.0,0.0,,,41.0,,34%,13 of 38,14%,,1.6,1.84,36%,0.0,9.69,0.0,,8:09,right_only,0.0,0.0,0.0,,,41.0,,34%,13 of 38,14%,,1.6,1.84,36%,0.0,9.69,0.0,,8:09
Marcos Rosa,Dhalsim,,,,,,,,,,,,,,,,,6.0,6.0,0.0,73.0,76.0,36.0,"Guarulhos, Brazil",28%,5 of 18,,,0.25,0.0,43%,0.0,2.11,0.0,29%,9:58,right_only,6.0,6.0,0.0,73.0,76.0,36.0,"Guarulhos, Brazil",28%,5 of 18,,,0.25,0.0,43%,0.0,2.11,0.0,29%,9:58
Marcus Da Silviera,Conan,,,,,,,,,,,,,,,,,0.0,0.0,0.0,0.0,,,"Rio de Janeiro, Brazil",51%,95 of 186,,,,,,,,,,0:00,right_only,0.0,0.0,0.0,0.0,,,"Rio de Janeiro, Brazil",51%,95 of 186,,,,,,,,,,0:00
Mark David Robinson,White Rhino,,,,,,,,,,,,,,,,,1.0,0.0,0.0,72.0,,53.0,South Africa,0%,0 of 1,,,0.0,0.0,13%,0.0,5.8,0.0,,3:27,right_only,1.0,0.0,0.0,72.0,,53.0,South Africa,0%,0 of 1,,,0.0,0.0,13%,0.0,5.8,0.0,,3:27
Max Grishin,Maximus,,,,,,,,,,,,,,,,,32.0,10.0,2.0,75.0,78.0,39.0,"Vyazma, Russia",53%,228 of 433,17%,1 of 6,3.26,0.21,59%,0.43,2.27,0.0,67%,14:00,right_only,32.0,10.0,2.0,75.0,78.0,39.0,"Vyazma, Russia",53%,228 of 433,17%,1 of 6,3.26,0.21,59%,0.43,2.27,0.0,67%,14:00
Michael Bonnette,No Mercy,,,,,,,,,,,,,,,,,,,,,,34.0,,,,40%,,,,,,,,,,right_only,,,,,,34.0,,,,40%,,,,,,,,,
Michael Smith,Slap Jesus,,,,,,,,,,,,,,,,,,,,71.0,72.0,37.0,,,,0%,,,,,,,,,,right_only,,,,71.0,72.0,37.0,,,,0%,,,,,,,,,
Miguel Angel Torres,~,,,,,,,,,,,,,,,,,39.0,5.0,0.0,69.0,,42.0,"East Chicago, United States",43%,486 of 1128,0%,,3.98,0.0,74%,0.49,1.86,1.6,18%,10:11,right_only,39.0,5.0,0.0,69.0,,42.0,"East Chicago, United States",43%,486 of 1128,0%,,3.98,0.0,74%,0.49,1.86,1.6,18%,10:11
Mike De La Torre,El Cucuy,,,,,,,,,,,,,,,,,14.0,7.0,0.0,71.0,71.0,36.0,"San Diego, United States",39%,133 of 339,17%,,3.21,0.36,52%,0.36,4.75,0.0,83%,5:55,right_only,14.0,7.0,0.0,71.0,71.0,36.0,"San Diego, United States",39%,133 of 339,17%,,3.21,0.36,52%,0.36,4.75,0.0,83%,5:55
Mike Van Arsdale,~,,,,,,,,,,,,,,,,,10.0,3.0,1.0,0.0,,58.0,"Waterloo, United States",41%,43 of 104,14%,,1.52,1.06,42%,0.0,1.91,0.0,38%,9:24,right_only,10.0,3.0,1.0,0.0,,58.0,"Waterloo, United States",41%,43 of 104,14%,,1.52,1.06,42%,0.0,1.91,0.0,38%,9:24
Mirko Cro Cop,~,,,,,,,,,,,,,,,,,31.0,11.0,2.0,74.0,73.0,,"Vinkovci, Croatia",51%,677 of 1332,40%,,2.11,0.19,64%,0.98,1.89,0.33,78%,7:50,right_only,31.0,11.0,2.0,74.0,73.0,,"Vinkovci, Croatia",51%,677 of 1332,40%,,2.11,0.19,64%,0.98,1.89,0.33,78%,7:50
Montrel Talbert,Bone,,,,,,,,,,,,,,,,,,,,,,30.0,,0%,0 of 2,,,,,,,,,,,right_only,,,,,,30.0,,0%,0 of 2,,,,,,,,,,
Montserrat Ruiz,~,,,,,,,,,,,,,,,,,10.0,4.0,0.0,60.0,61.0,30.0,"Leon, Mexico",27%,29 of 106,83%,4 of 6,0.79,2.05,38%,0.0,4.96,0.82,33%,9:08,right_only,10.0,4.0,0.0,60.0,61.0,30.0,"Leon, Mexico",27%,29 of 106,83%,4 of 6,0.79,2.05,38%,0.0,4.96,0.82,33%,9:08
Mostapha Al Turk,~,,,,,,,,,,,,,,,,,6.0,6.0,0.0,74.0,,49.0,"Beirut, Lebanon",19%,31 of 161,0%,,1.36,0.0,53%,0.0,3.61,0.0,,7:34,right_only,6.0,6.0,0.0,74.0,,49.0,"Beirut, Lebanon",19%,31 of 161,0%,,1.36,0.0,53%,0.0,3.61,0.0,,7:34
Nariman Abbassov,~,,,,,,,,,,,,,,,,,0.0,1.0,0.0,,,29.0,Kazakhstan,20%,45 of 225,0%,,3.0,0.0,46%,0.0,5.67,0.0,67%,15:00,right_only,0.0,1.0,0.0,,,29.0,Kazakhstan,20%,45 of 225,0%,,3.0,0.0,46%,0.0,5.67,0.0,67%,15:00
Nate Burnard,The Buffalo Soldier,,,,,,,,,,,,,,,,,,,,,,25.0,"Meridian, United States",40%,2 of 5,,,,,,,,,,,right_only,,,,,,25.0,"Meridian, United States",40%,2 of 5,,,,,,,,,,
Ning Guangyou,~,,,,,,,,,,,,,,,,,6.0,4.0,1.0,68.0,64.0,41.0,"Hebei, China",42%,146 of 351,50%,,2.66,1.09,61%,0.0,1.91,0.27,63%,13:45,right_only,6.0,4.0,1.0,68.0,64.0,41.0,"Hebei, China",42%,146 of 351,50%,,2.66,1.09,61%,0.0,1.91,0.27,63%,13:45
Niushiyue Ji,~,,,,,,,,,,,,,,,,,2.0,0.0,0.0,,,22.0,"Sichuan, China",40%,63 of 158,67%,,3.49,1.66,67%,0.0,1.66,0.0,100%,9:02,right_only,2.0,0.0,0.0,,,22.0,"Sichuan, China",40%,63 of 158,67%,,3.49,1.66,67%,0.0,1.66,0.0,100%,9:02
Orlando Welt,~,,,,,,,,,,,,,,,,,0.0,0.0,0.0,0.0,,,"Nancy, France",,,43%,1 of 23,,,,,,,,,right_only,0.0,0.0,0.0,0.0,,,"Nancy, France",,,43%,1 of 23,,,,,,,,
Paulo Renato Jr,~,,,,,,,,,,,,,,,,,0.0,2.0,0.0,,,29.0,,45%,85 of 187,,,4.89,0.0,57%,0.0,5.18,0.0,100%,8:41,right_only,0.0,2.0,0.0,,,29.0,,45%,85 of 187,,,4.89,0.0,57%,0.0,5.18,0.0,100%,8:41
Phil De Fries,~,,,,,,,,,,,,,,,,,9.0,3.0,0.0,77.0,,37.0,United Kingdom,47%,63 of 133,43%,,2.3,3.29,38%,0.55,3.0,0.55,100%,5:28,right_only,9.0,3.0,0.0,77.0,,37.0,United Kingdom,47%,63 of 133,43%,,2.3,3.29,38%,0.55,3.0,0.55,100%,5:28
Qihui Yan,~,,,,,,,,,,,,,,,,,0.0,1.0,0.0,,,26.0,"Yunnan, China",60%,27 of 45,100%,,4.01,4.46,72%,0.0,1.78,0.0,100%,6:44,right_only,0.0,1.0,0.0,,,26.0,"Yunnan, China",60%,27 of 45,100%,,4.01,4.46,72%,0.0,1.78,0.0,100%,6:44
Rafael de Freitas,Barata Cockroach,,,,,,,,,,,,,,,,,0.0,0.0,0.0,66.0,,39.0,"Brasilia, Brazil",,,0%,,,,,,,,,,right_only,0.0,0.0,0.0,66.0,,39.0,"Brasilia, Brazil",,,0%,,,,,,,,,
Rameau Sokoudjou,The African Assassin,,,,,,,,,,,,,,,,,5.0,3.0,0.0,72.0,,39.0,"Yaounde, Cameroon",41%,69 of 169,40%,,2.72,1.18,56%,0.59,7.17,1.18,79%,6:21,right_only,5.0,3.0,0.0,72.0,,39.0,"Yaounde, Cameroon",41%,69 of 169,40%,,2.72,1.18,56%,0.59,7.17,1.18,79%,6:21
Rampage Jackson,~,,,,,,,,,,,,,,,,,35.0,11.0,0.0,73.0,76.0,44.0,United States,54%,1157 of 2139,56%,,3.25,1.52,55%,0.59,2.51,0.13,74%,11:30,right_only,35.0,11.0,0.0,73.0,76.0,44.0,United States,54%,1157 of 2139,56%,,3.25,1.52,55%,0.59,2.51,0.13,74%,11:30
Raphael Pessoa Nunes,Bebezao,,,,,,,,,,,,,,,,,10.0,2.0,0.0,75.0,78.0,34.0,"Rio de Janeiro, Brazil",27%,58 of 215,0%,,2.16,0.0,42%,0.56,3.43,0.0,100%,8:56,right_only,10.0,2.0,0.0,75.0,78.0,34.0,"Rio de Janeiro, Brazil",27%,58 of 215,0%,,2.16,0.0,42%,0.56,3.43,0.0,100%,8:56
Reyes Cortez,~,,,,,,,,,,,,,,,,,0.0,2.0,0.0,67.0,68.0,31.0,"Phoenix, United States",45%,123 of 273,11%,,4.1,1.5,53%,0.0,7.43,0.0,100%,15:00,right_only,0.0,2.0,0.0,67.0,68.0,31.0,"Phoenix, United States",45%,123 of 273,11%,,4.1,1.5,53%,0.0,7.43,0.0,100%,15:00
Rheza Arianto,~,,,,,,,,,,,,,,,,,0.0,0.0,0.0,,,22.0,"Malang, Indonesia",,,50%,1 of 16,,,,,,,,0:00,right_only,0.0,0.0,0.0,,,22.0,"Malang, Indonesia",,,50%,1 of 16,,,,,,,,0:00
Rich Walsh,Filthy,,,,,,,,,,,,,,,,,9.0,6.0,0.0,72.0,73.0,34.0,"St. Leonards, Australia",47%,297 of 635,40%,,3.84,1.55,59%,0.58,2.72,0.19,67%,12:53,right_only,9.0,6.0,0.0,72.0,73.0,34.0,"St. Leonards, Australia",47%,297 of 635,40%,,3.84,1.55,59%,0.58,2.72,0.19,67%,12:53
Richard Crunkilton Jr,Cleat,,,,,,,,,,,,,,,,,18.0,3.0,0.0,67.0,,43.0,"Fort Lauderdale, United States",42%,120 of 287,61%,,1.97,4.68,59%,0.0,1.66,1.48,66%,12:10,right_only,18.0,3.0,0.0,67.0,,43.0,"Fort Lauderdale, United States",42%,120 of 287,61%,,1.97,4.68,59%,0.0,1.66,1.48,66%,12:10
Richie Vaculik,~,,,,,,,,,,,,,,,,,,,,,,,Australia,,,45%,,,,,,,,,,right_only,,,,,,,Australia,,,45%,,,,,,,,,
Rick Palacios,El Gallero,,,,,,,,,,,,,,,,,10.0,1.0,0.0,66.0,,35.0,"McAllen, United States",54%,116 of 216,,,7.73,0.0,60%,0.0,3.27,0.0,100%,15:00,right_only,10.0,1.0,0.0,66.0,,35.0,"McAllen, United States",54%,116 of 216,,,7.73,0.0,60%,0.0,3.27,0.0,100%,15:00
Riley Dutro,The Perfect Storm,,,,,,,,,,,,,,,,,14.0,4.0,0.0,0.0,70.0,35.0,United States,55%,71 of 130,0%,,4.74,0.0,33%,0.0,5.95,0.0,83%,14:58,right_only,14.0,4.0,0.0,0.0,70.0,35.0,United States,55%,71 of 130,0%,,4.74,0.0,33%,0.0,5.95,0.0,83%,14:58
Rob Whiteford,The Hammer,,,,,,,,,,,,,,,,,12.0,4.0,0.0,69.0,69.0,40.0,"Lanark, United Kingdom",47%,129 of 277,30%,,2.33,1.9,63%,0.27,1.99,0.0,45%,11:04,right_only,12.0,4.0,0.0,69.0,69.0,40.0,"Lanark, United Kingdom",47%,129 of 277,30%,,2.33,1.9,63%,0.27,1.99,0.0,45%,11:04
Robbie Peralta,Problems,,,,,,,,,,,,,,,,,18.0,6.0,0.0,68.0,71.0,37.0,United States,45%,383 of 857,67%,,3.76,0.59,53%,0.74,2.97,0.0,65%,11:20,right_only,18.0,6.0,0.0,68.0,71.0,37.0,United States,45%,383 of 857,67%,,3.76,0.59,53%,0.74,2.97,0.0,65%,11:20
Roberto Sanchez,Littlefury,,,,,,,,,,,,,,,,,8.0,2.0,0.0,66.0,66.5,37.0,"Houston, United States",41%,20 of 49,63%,5 of 8,0.96,3.61,46%,0.0,1.78,0.72,50%,6:55,right_only,8.0,2.0,0.0,66.0,66.5,37.0,"Houston, United States",41%,20 of 49,63%,5 of 8,0.96,3.61,46%,0.0,1.78,0.72,50%,6:55
Rodolfo Rubio,Fito,,,,,,,,,,,,,,,,,12.0,8.0,0.0,65.0,,36.0,Mexico,36%,17 of 47,33%,,1.13,2.0,63%,0.0,1.0,0.0,33%,15:00,right_only,12.0,8.0,0.0,65.0,,36.0,Mexico,36%,17 of 47,33%,,1.13,2.0,63%,0.0,1.0,0.0,33%,15:00
Ron Van Clief,~,,,,,,,,,,,,,,,,,0.0,0.0,0.0,0.0,,80.0,"Brooklyn, United States",46%,102 of 222,,,,,,,,,,,right_only,0.0,0.0,0.0,0.0,,80.0,"Brooklyn, United States",46%,102 of 222,,,,,,,,,,
Ronaldo Souza,Jacare,,,,,,,,,,,,,,,,,26.0,10.0,0.0,73.0,72.0,43.0,"Vila Velha, Brazil",47%,710 of 1508,39%,13 of 122,2.53,2.57,62%,0.27,2.83,1.34,58%,9:40,right_only,26.0,10.0,0.0,73.0,72.0,43.0,"Vila Velha, Brazil",47%,710 of 1508,39%,13 of 122,2.53,2.57,62%,0.27,2.83,1.34,58%,9:40
Rong Zhu,~,,,,,,,,,,,,,,,,,23.0,5.0,0.0,69.0,71.0,23.0,"Sichuan, China",50%,328 of 654,63%,10 of 16,5.6,2.56,46%,0.77,6.36,0.0,88%,11:42,right_only,23.0,5.0,0.0,69.0,71.0,23.0,"Sichuan, China",50%,328 of 654,63%,10 of 16,5.6,2.56,46%,0.77,6.36,0.0,88%,11:42
Ryan McGilivray,The Kid,,,,,,,,,,,,,,,,,11.0,5.0,1.0,71.0,,36.0,"Edmonton, Canada",21%,19 of 91,0%,,1.27,0.0,52%,0.0,2.2,0.0,44%,15:00,right_only,11.0,5.0,1.0,71.0,,36.0,"Edmonton, Canada",21%,19 of 91,0%,,1.27,0.0,52%,0.0,2.2,0.0,44%,15:00
Sang Hoon Yoo,~,,,,,,,,,,,,,,,,,1.0,0.0,0.0,,,33.0,"Gangwon-do Taebaek, South Korea",67%,75 of 112,100%,,5.0,1.0,27%,0.0,7.27,1.0,75%,14:05,right_only,1.0,0.0,0.0,,,33.0,"Gangwon-do Taebaek, South Korea",67%,75 of 112,100%,,5.0,1.0,27%,0.0,7.27,1.0,75%,14:05
Sang Won Kim,~,,,,,,,,,,,,,,,,,1.0,1.0,0.0,,,29.0,South Korea,70%,26 of 37,,,3.88,0.0,51%,2.24,2.84,0.0,40%,10:51,right_only,1.0,1.0,0.0,,,29.0,South Korea,70%,26 of 37,,,3.88,0.0,51%,2.24,2.84,0.0,40%,10:51
Saul Rogers,~,,,,,,,,,,,,,,,,,,,,,,33.0,United States,18%,28 of 160,,,,,,,,,,,right_only,,,,,,33.0,United States,18%,28 of 160,,,,,,,,,,
Scott Fielder,~,,,,,,,,,,,,,,,,,0.0,0.0,0.0,0.0,,,"Pacific, United States",,,38%,6 of 16,,,,,,,,,right_only,0.0,0.0,0.0,0.0,,,"Pacific, United States",,,38%,6 of 16,,,,,,,,
Sean Daughtery,~,,,,,,,,,,,,,,,,,0.0,0.0,0.0,0.0,,47.0,"Akron, United States",,,34%,9 of 76,,,,,,,,,right_only,0.0,0.0,0.0,0.0,,47.0,"Akron, United States",,,34%,9 of 76,,,,,,,,
Sean Mcinerney,Poopies,,,,,,,,,,,,,,,,,,,,,,36.0,,,,56%,,,,,,,,,,right_only,,,,,,36.0,,,,56%,,,,,,,,,
Seohee Ham,~,,,,,,,,,,,,,,,,,16.0,8.0,0.0,62.0,62.0,36.0,South Korea,40%,252 of 635,0%,,4.2,0.0,61%,0.0,5.15,0.25,67%,15:00,right_only,16.0,8.0,0.0,62.0,62.0,36.0,South Korea,40%,252 of 635,0%,,4.2,0.0,61%,0.0,5.15,0.25,67%,15:00
Seungwoo Choi,Sting,,,,,,,,,,,,,,,,,10.0,6.0,0.0,72.0,74.5,30.0,"Gangneung, South Korea",39%,359 of 928,55%,2 of 11,3.48,0.87,47%,0.73,3.02,0.0,70%,11:28,right_only,10.0,6.0,0.0,72.0,74.5,30.0,"Gangneung, South Korea",39%,359 of 928,55%,2 of 11,3.48,0.87,47%,0.73,3.02,0.0,70%,11:28
Shane Del Rosario,~,,,,,,,,,,,,,,,,,11.0,2.0,0.0,76.0,,39.0,United States,60%,98 of 162,40%,,3.93,1.2,55%,0.0,2.97,2.41,17%,4:59,right_only,11.0,2.0,0.0,76.0,,39.0,United States,60%,98 of 162,40%,,3.93,1.2,55%,0.0,2.97,2.41,17%,4:59
Sinae Kikuta,~,,,,,,,,,,,,,,,,,0.0,0.0,0.0,0.0,,51.0,Japan,,,75%,,,,,,,,,,right_only,0.0,0.0,0.0,0.0,,51.0,Japan,,,75%,,,,,,,,,
Stephanie Bruna,~,,,,,,,,,,,,,,,,,0.0,0.0,1.0,,,,,57%,87 of 152,100%,,5.8,1.0,61%,0.0,2.33,0.0,83%,15:00,right_only,0.0,0.0,1.0,,,,,57%,87 of 152,100%,,5.8,1.0,61%,0.0,2.33,0.0,83%,15:00
Steve Regman,The Predator,,,,,,,,,,,,,,,,,9.0,3.0,0.0,71.0,78.0,31.0,"Irvington, United States",60%,12 of 20,100%,,1.41,3.52,24%,0.0,4.93,0.0,,8:31,right_only,9.0,3.0,0.0,71.0,78.0,31.0,"Irvington, United States",60%,12 of 20,100%,,1.41,3.52,24%,0.0,4.93,0.0,,8:31
Steven Kennedy,The Steamrolla,,,,,,,,,,,,,,,,,22.0,8.0,0.0,72.0,71.0,40.0,United Kingdom,36%,41 of 114,33%,,2.28,2.51,46%,0.0,5.52,0.0,,8:59,right_only,22.0,8.0,0.0,72.0,71.0,40.0,United Kingdom,36%,41 of 114,33%,,2.28,2.51,46%,0.0,5.52,0.0,,8:59
Tank Abbott,Tank,,,,,,,,,,,,,,,,,8.0,10.0,0.0,72.0,,,"Huntington Beach, United States",39%,12 of 31,,,2.41,0.0,38%,0.0,10.03,0.0,67%,1:40,right_only,8.0,10.0,0.0,72.0,,,"Huntington Beach, United States",39%,12 of 31,,,2.41,0.0,38%,0.0,10.03,0.0,67%,1:40
Test Fighter,~,,,,,,,,,,,,,,,,,,,,,,,,,,38%,6 of 16,,,,,,,,,right_only,,,,,,,,,,38%,6 of 16,,,,,,,,
Testy Test,Testy,,,,,,,,,,,,,,,,,,,,,,,,,,50%,,,,,,,,,,right_only,,,,,,,,,,50%,,,,,,,,,
Tiago Trator,~,,,,,,,,,,,,,,,,,20.0,6.0,2.0,70.0,70.0,36.0,"Laranjal do Jari, Brazil",36%,177 of 497,11%,,3.69,0.63,60%,0.0,4.23,0.31,33%,12:00,right_only,20.0,6.0,2.0,70.0,70.0,36.0,"Laranjal do Jari, Brazil",36%,177 of 497,11%,,3.69,0.63,60%,0.0,4.23,0.31,33%,12:00
Tiequan Zhang,The Wolf,,,,,,,,,,,,,,,,,18.0,4.0,0.0,68.0,,44.0,"Nei, Mongolia",36%,66 of 181,58%,2 of 12,1.23,1.95,52%,0.0,2.14,3.35,75%,8:58,right_only,18.0,4.0,0.0,68.0,,44.0,"Nei, Mongolia",36%,66 of 181,58%,2 of 12,1.23,1.95,52%,0.0,2.14,3.35,75%,8:58
Timothy Thomas,The Gorilla,,,,,,,,,,,,,,,,,,,,,,34.0,,,,33%,,,,,,,,,,right_only,,,,,,34.0,,,,33%,,,,,,,,,
Tony Peterra,~,,,,,,,,,,,,,,,,,0.0,0.0,0.0,0.0,,,"Santa Maria, United States",,,29%,,,,,,,,,,right_only,0.0,0.0,0.0,0.0,,,"Santa Maria, United States",,,29%,,,,,,,,,
Tsuyoshi Kosaka,TK,,,,,,,,,,,,,,,,,18.0,9.0,1.0,71.0,,53.0,"Shiga, United States",55%,6 of 11,100%,,0.71,1.78,54%,0.0,17.82,0.0,33%,8:25,right_only,18.0,9.0,1.0,71.0,,53.0,"Shiga, United States",55%,6 of 11,100%,,0.71,1.78,54%,0.0,17.82,0.0,33%,8:25
Ulka Sasaki,~,,,,,,,,,,,,,,,,,20.0,6.0,2.0,71.0,71.0,33.0,Japan,41%,139 of 336,43%,13 of 30,2.16,3.03,50%,0.0,2.5,1.16,41%,7:10,right_only,20.0,6.0,2.0,71.0,71.0,33.0,Japan,41%,139 of 336,43%,13 of 30,2.16,3.03,50%,0.0,2.5,1.16,41%,7:10
Uro Medic,The Doctor,,,,,,,,,,,,,,,,,9.0,2.0,0.0,73.0,71.0,30.0,"Novi Sad, Serbia",61%,213 of 351,100%,,5.64,0.4,58%,2.38,3.18,0.0,47%,6:18,right_only,9.0,2.0,0.0,73.0,71.0,30.0,"Novi Sad, Serbia",61%,213 of 351,100%,,5.64,0.4,58%,2.38,3.18,0.0,47%,6:18
Vernon Ramos,~,,,,,,,,,,,,,,,,,3.0,1.0,0.0,69.0,72.0,30.0,Panama,25%,2 of 8,,,4.0,0.0,56%,0.0,8.0,0.0,,0:30,right_only,3.0,1.0,0.0,69.0,72.0,30.0,Panama,25%,2 of 8,,,4.0,0.0,56%,0.0,8.0,0.0,,0:30
Vineesh Subrahmanyan,Vini,,,,,,,,,,,,,,,,,,,,,,,,,,61%,18 of 44,,,,,,,,,right_only,,,,,,,,,,61%,18 of 44,,,,,,,,
Vinicius de Oliveira,~,,,,,,,,,,,,,,,,,1.0,0.0,0.0,,,27.0,,49%,29 of 59,,,9.56,0.0,61%,4.95,2.31,0.0,100%,3:02,right_only,1.0,0.0,0.0,,,27.0,,49%,29 of 59,,,9.56,0.0,61%,4.95,2.31,0.0,100%,3:02
Wang Anying,Smiley,,,,,,,,,,,,,,,,,2.0,2.0,0.0,72.0,,32.0,United States,26%,13 of 50,,,1.32,0.0,45%,0.0,1.63,0.0,33%,4:55,right_only,2.0,2.0,0.0,72.0,,32.0,United States,26%,13 of 50,,,1.32,0.0,45%,0.0,1.63,0.0,33%,4:55
Wang Sai,The Fire Kylin,,,,,,,,,,,,,,,,,8.0,5.0,1.0,0.0,,37.0,United States,47%,95 of 203,0%,,3.17,0.0,53%,0.0,2.27,0.0,78%,15:00,right_only,8.0,5.0,1.0,0.0,,37.0,United States,47%,95 of 203,0%,,3.17,0.0,53%,0.0,2.27,0.0,78%,15:00
Wendell Oliveira,~,,,,,,,,,,,,,,,,,24.0,9.0,0.0,70.0,72.0,40.0,United States,48%,30 of 63,0%,,3.77,0.0,48%,0.0,4.4,0.0,100%,3:59,right_only,24.0,9.0,0.0,70.0,72.0,40.0,United States,48%,30 of 63,0%,,3.77,0.0,48%,0.0,4.4,0.0,100%,3:59
Wendri Patilima,~,,,,,,,,,,,,,,,,,0.0,1.0,0.0,,,29.0,,,,100%,,,,,,,,,0:00,right_only,0.0,1.0,0.0,,,29.0,,,,100%,,,,,,,,,0:00
William Marcario,Patolino,,,,,,,,,,,,,,,,,,,,,,31.0,Brazil,,,19%,3 of 16,,,,,,,,,right_only,,,,,,31.0,Brazil,,,19%,3 of 16,,,,,,,,
Willian Souza,~,,,,,,,,,,,,,,,,,0.0,0.0,0.0,,,36.0,,45%,155 of 348,,,,,,,,,,0:00,right_only,0.0,0.0,0.0,,,36.0,,45%,155 of 348,,,,,,,,,,0:00
Wuliji Buren,Beast Master,,,,,,,,,,,,,,,,,10.0,8.0,0.0,69.0,69.0,34.0,"Inner Mongolia, China",43%,66 of 155,43%,6 of 21,1.61,3.28,56%,0.0,3.02,0.37,78%,10:17,right_only,10.0,8.0,0.0,69.0,69.0,34.0,"Inner Mongolia, China",43%,66 of 155,43%,6 of 21,1.61,3.28,56%,0.0,3.02,0.37,78%,10:17
Yi Zha,~,,,,,,,,,,,,,,,,,23.0,4.0,0.0,67.0,70.5,26.0,"Aba Sichuan, China",43%,136 of 317,35%,5 of 46,2.74,4.83,52%,0.0,2.15,1.21,62%,9:56,right_only,23.0,4.0,0.0,67.0,70.5,26.0,"Aba Sichuan, China",43%,136 of 317,35%,5 of 46,2.74,4.83,52%,0.0,2.15,1.21,62%,9:56
Zach Borrego,~,,,,,,,,,,,,,,,,,0.0,1.0,0.0,,,26.0,"San Antonio, United States",,,63%,1 of 19,0.0,0.0,33%,0.0,1.94,0.0,,1:02,right_only,0.0,1.0,0.0,,,26.0,"San Antonio, United States",,,63%,1 of 19,0.0,0.0,33%,0.0,1.94,0.0,,1:02
Zachary Reese,Savage,,,,,,,,,,,,,,,,,6.0,1.0,0.0,76.0,77.0,29.0,"Houston, United States",67%,12 of 18,,,3.93,0.0,29%,0.0,6.56,9.84,,1:32,right_only,6.0,1.0,0.0,76.0,77.0,29.0,"Houston, United States",67%,12 of 18,,,3.93,0.0,29%,0.0,6.56,9.84,,1:32
Zu Anyanwu,th Wonder,,,,,,,,,,,,,,,,,14.0,5.0,0.0,73.0,77.0,41.0,"Trenton, United States",43%,57 of 133,100%,,2.47,0.65,69%,0.65,2.47,0.0,,11:32,right_only,14.0,5.0,0.0,73.0,77.0,41.0,"Trenton, United States",43%,57 of 133,100%,,2.47,0.65,69%,0.65,2.47,0.0,,11:32
